domain_var,subdomain_var,pillar_var,country_iso,assessment_type,score,rating,date,outlook
hard-power,national-security,cyber-capability,AFG,pillar,0,NP,Aug 2025,Neutral
hard-power,national-security,cyber-capability,SOM,pillar,0,NP,Aug 2025,Neutral
hard-power,national-security,cyber-capability,SSD,pillar,0,NP,Aug 2025,Neutral
hard-power,national-security,cyber-capability,YEM,pillar,0,NP,Aug 2025,Neutral
hard-power,national-security,cyber-capability,HND,pillar,3,F,Aug 2025,Negative
hard-power,national-security,cyber-capability,HTI,pillar,3,F,Aug 2025,Negative
hard-power,national-security,cyber-capability,BFA,pillar,4,FF,Aug 2025,Negative
hard-power,national-security,cyber-capability,CAF,pillar,4,FF,Aug 2025,Negative
hard-power,national-security,cyber-capability,COD,pillar,4,FF,Aug 2025,Negative
hard-power,national-security,cyber-capability,ERI,pillar,4,FF,Aug 2025,Negative
hard-power,national-security,cyber-capability,IRQ,pillar,4,FF,Aug 2025,Negative
hard-power,national-security,cyber-capability,LBY,pillar,4,FF,Aug 2025,Negative
hard-power,national-security,cyber-capability,MLI,pillar,4,FF,Aug 2025,Negative
hard-power,national-security,cyber-capability,NER,pillar,4,FF,Aug 2025,Negative
hard-power,national-security,cyber-capability,SDN,pillar,4,FF,Aug 2025,Negative
hard-power,national-security,cyber-capability,SYR,pillar,4,FF,Aug 2025,Negative
hard-power,national-security,cyber-capability,TCD,pillar,4,FF,Aug 2025,Negative
hard-power,national-security,cyber-capability,VEN,pillar,4,FF,Aug 2025,Negative
hard-power,national-security,cyber-capability,MMR,pillar,5,FFF,Aug 2025,Negative
hard-power,national-security,cyber-capability,FSM,pillar,6,E,Aug 2025,Stable
hard-power,national-security,cyber-capability,KIR,pillar,6,E,Aug 2025,Stable
hard-power,national-security,cyber-capability,MHL,pillar,6,E,Aug 2025,Stable
hard-power,national-security,cyber-capability,MWI,pillar,6,E,Aug 2025,Stable
hard-power,national-security,cyber-capability,NAM,pillar,6,E,Aug 2025,Stable
hard-power,national-security,cyber-capability,NRU,pillar,6,E,Aug 2025,Stable
hard-power,national-security,cyber-capability,PLW,pillar,6,E,Aug 2025,Stable
hard-power,national-security,cyber-capability,SLB,pillar,6,E,Aug 2025,Stable
hard-power,national-security,cyber-capability,TLS,pillar,6,E,Aug 2025,Stable
hard-power,national-security,cyber-capability,TON,pillar,6,E,Aug 2025,Stable
hard-power,national-security,cyber-capability,TUV,pillar,6,E,Aug 2025,Stable
hard-power,national-security,cyber-capability,VUT,pillar,6,E,Aug 2025,Stable
hard-power,national-security,cyber-capability,WSM,pillar,6,E,Aug 2025,Stable
hard-power,national-security,cyber-capability,AGO,pillar,7,EE,Aug 2025,Stable
hard-power,national-security,cyber-capability,BEN,pillar,7,EE,Aug 2025,Stable
hard-power,national-security,cyber-capability,BTN,pillar,7,EE,Aug 2025,Stable
hard-power,national-security,cyber-capability,CMR,pillar,7,EE,Aug 2025,Stable
hard-power,national-security,cyber-capability,COG,pillar,7,EE,Aug 2025,Stable
hard-power,national-security,cyber-capability,FJI,pillar,7,EE,Aug 2025,Stable
hard-power,national-security,cyber-capability,GMB,pillar,7,EE,Aug 2025,Stable
hard-power,national-security,cyber-capability,KHM,pillar,7,EE,Aug 2025,Stable
hard-power,national-security,cyber-capability,LBR,pillar,7,EE,Aug 2025,Stable
hard-power,national-security,cyber-capability,MDG,pillar,7,EE,Aug 2025,Stable
hard-power,national-security,cyber-capability,MOZ,pillar,7,EE,Aug 2025,Stable
hard-power,national-security,cyber-capability,MRT,pillar,7,EE,Aug 2025,Stable
hard-power,national-security,cyber-capability,PNG,pillar,7,EE,Aug 2025,Stable
hard-power,national-security,cyber-capability,PRY,pillar,7,EE,Aug 2025,Positive
hard-power,national-security,cyber-capability,SLE,pillar,7,EE,Aug 2025,Stable
hard-power,national-security,cyber-capability,TGO,pillar,7,EE,Aug 2025,Stable
hard-power,national-security,cyber-capability,ZMB,pillar,7,EE,Aug 2025,Stable
hard-power,national-security,cyber-capability,ZWE,pillar,7,EE,Aug 2025,Stable
hard-power,national-security,cyber-capability,ETH,pillar,8,EEE,Aug 2025,Positive
hard-power,national-security,cyber-capability,LAO,pillar,8,EEE,Aug 2025,Stable
hard-power,national-security,cyber-capability,NIC,pillar,8,EEE,Aug 2025,Stable
hard-power,national-security,cyber-capability,NPL,pillar,8,EEE,Aug 2025,Positive
hard-power,national-security,cyber-capability,TZA,pillar,8,EEE,Aug 2025,Positive
hard-power,national-security,cyber-capability,UGA,pillar,8,EEE,Aug 2025,Positive
hard-power,national-security,cyber-capability,ALB,pillar,10,DD,Aug 2025,Stable
hard-power,national-security,cyber-capability,ARM,pillar,10,DD,Aug 2025,Stable
hard-power,national-security,cyber-capability,ATG,pillar,10,DD,Aug 2025,Stable
hard-power,national-security,cyber-capability,BIH,pillar,10,DD,Aug 2025,Stable
hard-power,national-security,cyber-capability,BLZ,pillar,10,DD,Aug 2025,Stable
hard-power,national-security,cyber-capability,BOL,pillar,10,DD,Aug 2025,Stable
hard-power,national-security,cyber-capability,BRB,pillar,10,DD,Aug 2025,Stable
hard-power,national-security,cyber-capability,DMA,pillar,10,DD,Aug 2025,Stable
hard-power,national-security,cyber-capability,DOM,pillar,10,DD,Aug 2025,Stable
hard-power,national-security,cyber-capability,GRD,pillar,10,DD,Aug 2025,Stable
hard-power,national-security,cyber-capability,GTM,pillar,10,DD,Aug 2025,Stable
hard-power,national-security,cyber-capability,GUY,pillar,10,DD,Aug 2025,Stable
hard-power,national-security,cyber-capability,JAM,pillar,10,DD,Aug 2025,Stable
hard-power,national-security,cyber-capability,JOR,pillar,10,DD,Aug 2025,Positive
hard-power,national-security,cyber-capability,KNA,pillar,10,DD,Aug 2025,Stable
hard-power,national-security,cyber-capability,LCA,pillar,10,DD,Aug 2025,Stable
hard-power,national-security,cyber-capability,MDA,pillar,10,DD,Aug 2025,Stable
hard-power,national-security,cyber-capability,MDV,pillar,10,DD,Aug 2025,Stable
hard-power,national-security,cyber-capability,MKD,pillar,10,DD,Aug 2025,Stable
hard-power,national-security,cyber-capability,MNG,pillar,10,DD,Aug 2025,Stable
hard-power,national-security,cyber-capability,SLV,pillar,10,DD,Aug 2025,Stable
hard-power,national-security,cyber-capability,SUR,pillar,10,DD,Aug 2025,Stable
hard-power,national-security,cyber-capability,VCT,pillar,10,DD,Aug 2025,Stable
hard-power,national-security,cyber-capability,ABW,pillar,11,DDD,Aug 2025,Stable
hard-power,national-security,cyber-capability,AIA,pillar,11,DDD,Aug 2025,Stable
hard-power,national-security,cyber-capability,ALA,pillar,11,DDD,Aug 2025,Stable
hard-power,national-security,cyber-capability,AND,pillar,11,DDD,Aug 2025,Stable
hard-power,national-security,cyber-capability,ASM,pillar,11,DDD,Aug 2025,Stable
hard-power,national-security,cyber-capability,ATA,pillar,11,DDD,Aug 2025,Stable
hard-power,national-security,cyber-capability,ATF,pillar,11,DDD,Aug 2025,Stable
hard-power,national-security,cyber-capability,BDI,pillar,11,DDD,Aug 2025,Stable
hard-power,national-security,cyber-capability,BES,pillar,11,DDD,Aug 2025,Stable
hard-power,national-security,cyber-capability,BGD,pillar,11,DDD,Aug 2025,Positive
hard-power,national-security,cyber-capability,BLM,pillar,11,DDD,Aug 2025,Stable
hard-power,national-security,cyber-capability,BMU,pillar,11,DDD,Aug 2025,Stable
hard-power,national-security,cyber-capability,BVT,pillar,11,DDD,Aug 2025,Stable
hard-power,national-security,cyber-capability,BWA,pillar,11,DDD,Aug 2025,Stable
hard-power,national-security,cyber-capability,CCK,pillar,11,DDD,Aug 2025,Stable
hard-power,national-security,cyber-capability,CIV,pillar,11,DDD,Aug 2025,Positive
hard-power,national-security,cyber-capability,COK,pillar,11,DDD,Aug 2025,Stable
hard-power,national-security,cyber-capability,COM,pillar,11,DDD,Aug 2025,Stable
hard-power,national-security,cyber-capability,CPV,pillar,11,DDD,Aug 2025,Stable
hard-power,national-security,cyber-capability,CUW,pillar,11,DDD,Aug 2025,Stable
hard-power,national-security,cyber-capability,CXR,pillar,11,DDD,Aug 2025,Stable
hard-power,national-security,cyber-capability,CYM,pillar,11,DDD,Aug 2025,Stable
hard-power,national-security,cyber-capability,DJI,pillar,11,DDD,Aug 2025,Stable
hard-power,national-security,cyber-capability,DZA,pillar,11,DDD,Aug 2025,Stable
hard-power,national-security,cyber-capability,EGY,pillar,11,DDD,Aug 2025,Stable
hard-power,national-security,cyber-capability,ESH,pillar,11,DDD,Aug 2025,Stable
hard-power,national-security,cyber-capability,FLK,pillar,11,DDD,Aug 2025,Stable
hard-power,national-security,cyber-capability,FRO,pillar,11,DDD,Aug 2025,Stable
hard-power,national-security,cyber-capability,GAB,pillar,11,DDD,Aug 2025,Stable
hard-power,national-security,cyber-capability,GGY,pillar,11,DDD,Aug 2025,Stable
hard-power,national-security,cyber-capability,GHA,pillar,11,DDD,Aug 2025,Positive
hard-power,national-security,cyber-capability,GIB,pillar,11,DDD,Aug 2025,Stable
hard-power,national-security,cyber-capability,GIN,pillar,11,DDD,Aug 2025,Stable
hard-power,national-security,cyber-capability,GLP,pillar,11,DDD,Aug 2025,Stable
hard-power,national-security,cyber-capability,GNB,pillar,11,DDD,Aug 2025,Stable
hard-power,national-security,cyber-capability,GNQ,pillar,11,DDD,Aug 2025,Stable
hard-power,national-security,cyber-capability,GRL,pillar,11,DDD,Aug 2025,Stable
hard-power,national-security,cyber-capability,GUF,pillar,11,DDD,Aug 2025,Stable
hard-power,national-security,cyber-capability,GUM,pillar,11,DDD,Aug 2025,Stable
hard-power,national-security,cyber-capability,HMD,pillar,11,DDD,Aug 2025,Stable
hard-power,national-security,cyber-capability,IMN,pillar,11,DDD,Aug 2025,Stable
hard-power,national-security,cyber-capability,IOT,pillar,11,DDD,Aug 2025,Stable
hard-power,national-security,cyber-capability,JEY,pillar,11,DDD,Aug 2025,Stable
hard-power,national-security,cyber-capability,KAZ,pillar,11,DDD,Aug 2025,Stable
hard-power,national-security,cyber-capability,KEN,pillar,11,DDD,Aug 2025,Positive
hard-power,national-security,cyber-capability,KGZ,pillar,11,DDD,Aug 2025,Stable
hard-power,national-security,cyber-capability,LBN,pillar,11,DDD,Aug 2025,Stable
hard-power,national-security,cyber-capability,LIE,pillar,11,DDD,Aug 2025,Stable
hard-power,national-security,cyber-capability,LKA,pillar,11,DDD,Aug 2025,Stable
hard-power,national-security,cyber-capability,LSO,pillar,11,DDD,Aug 2025,Stable
hard-power,national-security,cyber-capability,MAC,pillar,11,DDD,Aug 2025,Stable
hard-power,national-security,cyber-capability,MAF,pillar,11,DDD,Aug 2025,Stable
hard-power,national-security,cyber-capability,MAR,pillar,11,DDD,Aug 2025,Positive
hard-power,national-security,cyber-capability,MCO,pillar,11,DDD,Aug 2025,Stable
hard-power,national-security,cyber-capability,MNE,pillar,11,DDD,Aug 2025,Stable
hard-power,national-security,cyber-capability,MNP,pillar,11,DDD,Aug 2025,Stable
hard-power,national-security,cyber-capability,MSR,pillar,11,DDD,Aug 2025,Stable
hard-power,national-security,cyber-capability,MTQ,pillar,11,DDD,Aug 2025,Stable
hard-power,national-security,cyber-capability,MUS,pillar,11,DDD,Aug 2025,Stable
hard-power,national-security,cyber-capability,MYT,pillar,11,DDD,Aug 2025,Stable
hard-power,national-security,cyber-capability,NCL,pillar,11,DDD,Aug 2025,Stable
hard-power,national-security,cyber-capability,NFK,pillar,11,DDD,Aug 2025,Stable
hard-power,national-security,cyber-capability,NGA,pillar,11,DDD,Aug 2025,Positive
hard-power,national-security,cyber-capability,NIU,pillar,11,DDD,Aug 2025,Stable
hard-power,national-security,cyber-capability,PAK,pillar,11,DDD,Aug 2025,Positive
hard-power,national-security,cyber-capability,PCN,pillar,11,DDD,Aug 2025,Stable
hard-power,national-security,cyber-capability,PRI,pillar,11,DDD,Aug 2025,Stable
hard-power,national-security,cyber-capability,PRK,pillar,11,DDD,Aug 2025,Stable
hard-power,national-security,cyber-capability,PSE,pillar,11,DDD,Aug 2025,Stable
hard-power,national-security,cyber-capability,PYF,pillar,11,DDD,Aug 2025,Stable
hard-power,national-security,cyber-capability,REU,pillar,11,DDD,Aug 2025,Stable
hard-power,national-security,cyber-capability,RWA,pillar,11,DDD,Aug 2025,Positive
hard-power,national-security,cyber-capability,SEN,pillar,11,DDD,Aug 2025,Positive
hard-power,national-security,cyber-capability,SGS,pillar,11,DDD,Aug 2025,Stable
hard-power,national-security,cyber-capability,SHN,pillar,11,DDD,Aug 2025,Stable
hard-power,national-security,cyber-capability,SJM,pillar,11,DDD,Aug 2025,Stable
hard-power,national-security,cyber-capability,SMR,pillar,11,DDD,Aug 2025,Stable
hard-power,national-security,cyber-capability,SPM,pillar,11,DDD,Aug 2025,Stable
hard-power,national-security,cyber-capability,STP,pillar,11,DDD,Aug 2025,Stable
hard-power,national-security,cyber-capability,SWZ,pillar,11,DDD,Aug 2025,Stable
hard-power,national-security,cyber-capability,SXM,pillar,11,DDD,Aug 2025,Stable
hard-power,national-security,cyber-capability,SYC,pillar,11,DDD,Aug 2025,Stable
hard-power,national-security,cyber-capability,TCA,pillar,11,DDD,Aug 2025,Stable
hard-power,national-security,cyber-capability,TJK,pillar,11,DDD,Aug 2025,Stable
hard-power,national-security,cyber-capability,TKL,pillar,11,DDD,Aug 2025,Stable
hard-power,national-security,cyber-capability,TKM,pillar,11,DDD,Aug 2025,Stable
hard-power,national-security,cyber-capability,TUN,pillar,11,DDD,Aug 2025,Stable
hard-power,national-security,cyber-capability,UMI,pillar,11,DDD,Aug 2025,Stable
hard-power,national-security,cyber-capability,UZB,pillar,11,DDD,Aug 2025,Stable
hard-power,national-security,cyber-capability,VAT,pillar,11,DDD,Aug 2025,Stable
hard-power,national-security,cyber-capability,VGB,pillar,11,DDD,Aug 2025,Stable
hard-power,national-security,cyber-capability,VIR,pillar,11,DDD,Aug 2025,Stable
hard-power,national-security,cyber-capability,WLF,pillar,11,DDD,Aug 2025,Stable
hard-power,national-security,cyber-capability,BGR,pillar,13,CC,Aug 2025,Stable
hard-power,national-security,cyber-capability,BHS,pillar,13,CC,Aug 2025,Stable
hard-power,national-security,cyber-capability,BLR,pillar,13,CC,Aug 2025,Stable
hard-power,national-security,cyber-capability,BRN,pillar,13,CC,Aug 2025,Stable
hard-power,national-security,cyber-capability,CHL,pillar,13,CC,Aug 2025,Stable
hard-power,national-security,cyber-capability,CRI,pillar,13,CC,Aug 2025,Stable
hard-power,national-security,cyber-capability,CYP,pillar,13,CC,Aug 2025,Stable
hard-power,national-security,cyber-capability,ECU,pillar,13,CC,Aug 2025,Stable
hard-power,national-security,cyber-capability,EST,pillar,13,CC,Aug 2025,Stable
hard-power,national-security,cyber-capability,HRV,pillar,13,CC,Aug 2025,Stable
hard-power,national-security,cyber-capability,HUN,pillar,13,CC,Aug 2025,Stable
hard-power,national-security,cyber-capability,LTU,pillar,13,CC,Aug 2025,Stable
hard-power,national-security,cyber-capability,LVA,pillar,13,CC,Aug 2025,Stable
hard-power,national-security,cyber-capability,MLT,pillar,13,CC,Aug 2025,Stable
hard-power,national-security,cyber-capability,PAN,pillar,13,CC,Aug 2025,Stable
hard-power,national-security,cyber-capability,PER,pillar,13,CC,Aug 2025,Stable
hard-power,national-security,cyber-capability,ROU,pillar,13,CC,Aug 2025,Stable
hard-power,national-security,cyber-capability,SRB,pillar,13,CC,Aug 2025,Stable
hard-power,national-security,cyber-capability,SVK,pillar,13,CC,Aug 2025,Stable
hard-power,national-security,cyber-capability,SVN,pillar,13,CC,Aug 2025,Stable
hard-power,national-security,cyber-capability,TTO,pillar,13,CC,Aug 2025,Stable
hard-power,national-security,cyber-capability,ARG,pillar,14,CCC,Aug 2025,Stable
hard-power,national-security,cyber-capability,AZE,pillar,14,CCC,Aug 2025,Stable
hard-power,national-security,cyber-capability,BHR,pillar,14,CCC,Aug 2025,Stable
hard-power,national-security,cyber-capability,COL,pillar,14,CCC,Aug 2025,Stable
hard-power,national-security,cyber-capability,CUB,pillar,14,CCC,Aug 2025,Stable
hard-power,national-security,cyber-capability,CZE,pillar,14,CCC,Aug 2025,Stable
hard-power,national-security,cyber-capability,GEO,pillar,14,CCC,Aug 2025,Stable
hard-power,national-security,cyber-capability,GRC,pillar,14,CCC,Aug 2025,Stable
hard-power,national-security,cyber-capability,IDN,pillar,14,CCC,Aug 2025,Positive
hard-power,national-security,cyber-capability,IRN,pillar,14,CCC,Aug 2025,Stable
hard-power,national-security,cyber-capability,MEX,pillar,14,CCC,Aug 2025,Positive
hard-power,national-security,cyber-capability,PHL,pillar,14,CCC,Aug 2025,Positive
hard-power,national-security,cyber-capability,POL,pillar,14,CCC,Aug 2025,Positive
hard-power,national-security,cyber-capability,THA,pillar,14,CCC,Aug 2025,Stable
hard-power,national-security,cyber-capability,TUR,pillar,14,CCC,Aug 2025,Stable
hard-power,national-security,cyber-capability,UKR,pillar,14,CCC,Aug 2025,Stable
hard-power,national-security,cyber-capability,URY,pillar,14,CCC,Aug 2025,Stable
hard-power,national-security,cyber-capability,VNM,pillar,14,CCC,Aug 2025,Positive
hard-power,national-security,cyber-capability,ZAF,pillar,14,CCC,Aug 2025,Positive
hard-power,national-security,cyber-capability,ARE,pillar,15,B,Aug 2025,Positive
hard-power,national-security,cyber-capability,BRA,pillar,15,B,Aug 2025,Positive
hard-power,national-security,cyber-capability,ESP,pillar,15,B,Aug 2025,Positive
hard-power,national-security,cyber-capability,ITA,pillar,15,B,Aug 2025,Positive
hard-power,national-security,cyber-capability,KWT,pillar,15,B,Aug 2025,Stable
hard-power,national-security,cyber-capability,MYS,pillar,15,B,Aug 2025,Positive
hard-power,national-security,cyber-capability,PRT,pillar,15,B,Aug 2025,Stable
hard-power,national-security,cyber-capability,TWN,pillar,15,B,Aug 2025,Positive
hard-power,national-security,cyber-capability,AUT,pillar,16,BB,Aug 2025,Stable
hard-power,national-security,cyber-capability,BEL,pillar,16,BB,Aug 2025,Stable
hard-power,national-security,cyber-capability,CHE,pillar,16,BB,Aug 2025,Stable
hard-power,national-security,cyber-capability,DNK,pillar,16,BB,Aug 2025,Stable
hard-power,national-security,cyber-capability,FIN,pillar,16,BB,Aug 2025,Stable
hard-power,national-security,cyber-capability,HKG,pillar,16,BB,Aug 2025,Stable
hard-power,national-security,cyber-capability,IRL,pillar,16,BB,Aug 2025,Stable
hard-power,national-security,cyber-capability,ISL,pillar,16,BB,Aug 2025,Stable
hard-power,national-security,cyber-capability,KOR,pillar,16,BB,Aug 2025,Positive
hard-power,national-security,cyber-capability,LUX,pillar,16,BB,Aug 2025,Stable
hard-power,national-security,cyber-capability,NLD,pillar,16,BB,Aug 2025,Stable
hard-power,national-security,cyber-capability,NOR,pillar,16,BB,Aug 2025,Stable
hard-power,national-security,cyber-capability,NZL,pillar,16,BB,Aug 2025,Stable
hard-power,national-security,cyber-capability,OMN,pillar,16,BB,Aug 2025,Positive
hard-power,national-security,cyber-capability,QAT,pillar,16,BB,Aug 2025,Stable
hard-power,national-security,cyber-capability,SAU,pillar,16,BB,Aug 2025,Positive
hard-power,national-security,cyber-capability,SGP,pillar,16,BB,Aug 2025,Stable
hard-power,national-security,cyber-capability,SWE,pillar,16,BB,Aug 2025,Stable
hard-power,national-security,cyber-capability,DEU,pillar,17,BBB,Aug 2025,Positive
hard-power,national-security,cyber-capability,IND,pillar,17,BBB,Aug 2025,Positive
hard-power,national-security,cyber-capability,JPN,pillar,17,BBB,Aug 2025,Positive
hard-power,national-security,cyber-capability,AUS,pillar,18,A,Aug 2025,Stable
hard-power,national-security,cyber-capability,CAN,pillar,18,A,Aug 2025,Stable
hard-power,national-security,cyber-capability,FRA,pillar,18,A,Aug 2025,Stable
hard-power,national-security,cyber-capability,GBR,pillar,18,A,Aug 2025,Stable
hard-power,national-security,cyber-capability,ISR,pillar,18,A,Aug 2025,Stable
hard-power,national-security,cyber-capability,RUS,pillar,18,A,Aug 2025,Stable
hard-power,national-security,cyber-capability,CHN,pillar,19,AA,Aug 2025,Positive
hard-power,national-security,cyber-capability,USA,pillar,20,AAA,Aug 2025,Stable
hard-power,national-security,nuclear-capability,ABW,pillar,2,SP,Aug 2025,Stable
hard-power,national-security,quantum-computing,ABW,pillar,2,SP,Aug 2025,Stable
hard-power,national-security,nuclear-capability,AFG,pillar,2,SP,Aug 2025,Stable
hard-power,national-security,quantum-computing,AFG,pillar,2,SP,Aug 2025,Stable
hard-power,national-security,nuclear-capability,AGO,pillar,2,SP,Aug 2025,Stable
hard-power,national-security,quantum-computing,AGO,pillar,2,SP,Aug 2025,Stable
hard-power,national-security,nuclear-capability,AIA,pillar,2,SP,Aug 2025,Stable
hard-power,national-security,quantum-computing,AIA,pillar,2,SP,Aug 2025,Stable
hard-power,national-security,nuclear-capability,ALA,pillar,2,SP,Aug 2025,Stable
hard-power,national-security,quantum-computing,ALA,pillar,2,SP,Aug 2025,Stable
hard-power,national-security,nuclear-capability,ALB,pillar,2,SP,Aug 2025,Stable
hard-power,national-security,quantum-computing,ALB,pillar,2,SP,Aug 2025,Stable
hard-power,national-security,nuclear-capability,AND,pillar,2,SP,Aug 2025,Stable
hard-power,national-security,quantum-computing,AND,pillar,2,SP,Aug 2025,Stable
hard-power,national-security,nuclear-capability,ARE,pillar,2,SP,Aug 2025,Stable
hard-power,national-security,quantum-computing,ARE,pillar,2,SP,Aug 2025,Stable
hard-power,national-security,nuclear-capability,ARG,pillar,2,SP,Aug 2025,Stable
hard-power,national-security,quantum-computing,ARG,pillar,2,SP,Aug 2025,Stable
hard-power,national-security,nuclear-capability,ARM,pillar,2,SP,Aug 2025,Stable
hard-power,national-security,quantum-computing,ARM,pillar,2,SP,Aug 2025,Stable
hard-power,national-security,nuclear-capability,ASM,pillar,2,SP,Aug 2025,Stable
hard-power,national-security,quantum-computing,ASM,pillar,2,SP,Aug 2025,Stable
hard-power,national-security,nuclear-capability,ATA,pillar,2,SP,Aug 2025,Stable
hard-power,national-security,quantum-computing,ATA,pillar,2,SP,Aug 2025,Stable
hard-power,national-security,nuclear-capability,ATF,pillar,2,SP,Aug 2025,Stable
hard-power,national-security,quantum-computing,ATF,pillar,2,SP,Aug 2025,Stable
hard-power,national-security,nuclear-capability,ATG,pillar,2,SP,Aug 2025,Stable
hard-power,national-security,quantum-computing,ATG,pillar,2,SP,Aug 2025,Stable
hard-power,national-security,nuclear-capability,AUS,pillar,2,SP,Aug 2025,Stable
hard-power,national-security,quantum-computing,AUS,pillar,2,SP,Aug 2025,Stable
hard-power,national-security,nuclear-capability,AUT,pillar,2,SP,Aug 2025,Stable
hard-power,national-security,quantum-computing,AUT,pillar,2,SP,Aug 2025,Stable
hard-power,national-security,nuclear-capability,AZE,pillar,2,SP,Aug 2025,Stable
hard-power,national-security,quantum-computing,AZE,pillar,2,SP,Aug 2025,Stable
hard-power,national-security,nuclear-capability,BDI,pillar,2,SP,Aug 2025,Stable
hard-power,national-security,quantum-computing,BDI,pillar,2,SP,Aug 2025,Stable
hard-power,national-security,nuclear-capability,BEL,pillar,2,SP,Aug 2025,Stable
hard-power,national-security,quantum-computing,BEL,pillar,2,SP,Aug 2025,Stable
hard-power,national-security,nuclear-capability,BEN,pillar,2,SP,Aug 2025,Stable
hard-power,national-security,quantum-computing,BEN,pillar,2,SP,Aug 2025,Stable
hard-power,national-security,nuclear-capability,BES,pillar,2,SP,Aug 2025,Stable
hard-power,national-security,quantum-computing,BES,pillar,2,SP,Aug 2025,Stable
hard-power,national-security,nuclear-capability,BFA,pillar,2,SP,Aug 2025,Stable
hard-power,national-security,quantum-computing,BFA,pillar,2,SP,Aug 2025,Stable
hard-power,national-security,nuclear-capability,BGD,pillar,2,SP,Aug 2025,Stable
hard-power,national-security,quantum-computing,BGD,pillar,2,SP,Aug 2025,Stable
hard-power,national-security,nuclear-capability,BGR,pillar,2,SP,Aug 2025,Stable
hard-power,national-security,quantum-computing,BGR,pillar,2,SP,Aug 2025,Stable
hard-power,national-security,nuclear-capability,BHR,pillar,2,SP,Aug 2025,Stable
hard-power,national-security,quantum-computing,BHR,pillar,2,SP,Aug 2025,Stable
hard-power,national-security,nuclear-capability,BHS,pillar,2,SP,Aug 2025,Stable
hard-power,national-security,quantum-computing,BHS,pillar,2,SP,Aug 2025,Stable
hard-power,national-security,nuclear-capability,BIH,pillar,2,SP,Aug 2025,Stable
hard-power,national-security,quantum-computing,BIH,pillar,2,SP,Aug 2025,Stable
hard-power,national-security,nuclear-capability,BLM,pillar,2,SP,Aug 2025,Stable
hard-power,national-security,quantum-computing,BLM,pillar,2,SP,Aug 2025,Stable
hard-power,national-security,nuclear-capability,BLR,pillar,2,SP,Aug 2025,Stable
hard-power,national-security,quantum-computing,BLR,pillar,2,SP,Aug 2025,Stable
hard-power,national-security,nuclear-capability,BLZ,pillar,2,SP,Aug 2025,Stable
hard-power,national-security,quantum-computing,BLZ,pillar,2,SP,Aug 2025,Stable
hard-power,national-security,nuclear-capability,BMU,pillar,2,SP,Aug 2025,Stable
hard-power,national-security,quantum-computing,BMU,pillar,2,SP,Aug 2025,Stable
hard-power,national-security,nuclear-capability,BOL,pillar,2,SP,Aug 2025,Stable
hard-power,national-security,quantum-computing,BOL,pillar,2,SP,Aug 2025,Stable
hard-power,national-security,nuclear-capability,BRA,pillar,2,SP,Aug 2025,Stable
hard-power,national-security,quantum-computing,BRA,pillar,2,SP,Aug 2025,Stable
hard-power,national-security,nuclear-capability,BRB,pillar,2,SP,Aug 2025,Stable
hard-power,national-security,quantum-computing,BRB,pillar,2,SP,Aug 2025,Stable
hard-power,national-security,nuclear-capability,BRN,pillar,2,SP,Aug 2025,Stable
hard-power,national-security,quantum-computing,BRN,pillar,2,SP,Aug 2025,Stable
hard-power,national-security,nuclear-capability,BTN,pillar,2,SP,Aug 2025,Stable
hard-power,national-security,quantum-computing,BTN,pillar,2,SP,Aug 2025,Stable
hard-power,national-security,nuclear-capability,BVT,pillar,2,SP,Aug 2025,Stable
hard-power,national-security,quantum-computing,BVT,pillar,2,SP,Aug 2025,Stable
hard-power,national-security,nuclear-capability,BWA,pillar,2,SP,Aug 2025,Stable
hard-power,national-security,quantum-computing,BWA,pillar,2,SP,Aug 2025,Stable
hard-power,national-security,nuclear-capability,CAF,pillar,2,SP,Aug 2025,Stable
hard-power,national-security,quantum-computing,CAF,pillar,2,SP,Aug 2025,Stable
hard-power,national-security,nuclear-capability,CAN,pillar,2,SP,Aug 2025,Stable
hard-power,national-security,quantum-computing,CAN,pillar,2,SP,Aug 2025,Stable
hard-power,national-security,nuclear-capability,CCK,pillar,2,SP,Aug 2025,Stable
hard-power,national-security,quantum-computing,CCK,pillar,2,SP,Aug 2025,Stable
hard-power,national-security,nuclear-capability,CHE,pillar,2,SP,Aug 2025,Stable
hard-power,national-security,quantum-computing,CHE,pillar,2,SP,Aug 2025,Stable
hard-power,national-security,nuclear-capability,CHL,pillar,2,SP,Aug 2025,Stable
hard-power,national-security,quantum-computing,CHL,pillar,2,SP,Aug 2025,Stable
hard-power,national-security,nuclear-capability,CHN,pillar,2,SP,Aug 2025,Stable
hard-power,national-security,quantum-computing,CHN,pillar,2,SP,Aug 2025,Stable
hard-power,national-security,nuclear-capability,CIV,pillar,2,SP,Aug 2025,Stable
hard-power,national-security,quantum-computing,CIV,pillar,2,SP,Aug 2025,Stable
hard-power,national-security,nuclear-capability,CMR,pillar,2,SP,Aug 2025,Stable
hard-power,national-security,quantum-computing,CMR,pillar,2,SP,Aug 2025,Stable
hard-power,national-security,nuclear-capability,COD,pillar,2,SP,Aug 2025,Stable
hard-power,national-security,quantum-computing,COD,pillar,2,SP,Aug 2025,Stable
hard-power,national-security,nuclear-capability,COG,pillar,2,SP,Aug 2025,Stable
hard-power,national-security,quantum-computing,COG,pillar,2,SP,Aug 2025,Stable
hard-power,national-security,nuclear-capability,COK,pillar,2,SP,Aug 2025,Stable
hard-power,national-security,quantum-computing,COK,pillar,2,SP,Aug 2025,Stable
hard-power,national-security,nuclear-capability,COL,pillar,2,SP,Aug 2025,Stable
hard-power,national-security,quantum-computing,COL,pillar,2,SP,Aug 2025,Stable
hard-power,national-security,nuclear-capability,COM,pillar,2,SP,Aug 2025,Stable
hard-power,national-security,quantum-computing,COM,pillar,2,SP,Aug 2025,Stable
hard-power,national-security,nuclear-capability,CPV,pillar,2,SP,Aug 2025,Stable
hard-power,national-security,quantum-computing,CPV,pillar,2,SP,Aug 2025,Stable
hard-power,national-security,nuclear-capability,CRI,pillar,2,SP,Aug 2025,Stable
hard-power,national-security,quantum-computing,CRI,pillar,2,SP,Aug 2025,Stable
hard-power,national-security,nuclear-capability,CUB,pillar,2,SP,Aug 2025,Stable
hard-power,national-security,quantum-computing,CUB,pillar,2,SP,Aug 2025,Stable
hard-power,national-security,nuclear-capability,CUW,pillar,2,SP,Aug 2025,Stable
hard-power,national-security,quantum-computing,CUW,pillar,2,SP,Aug 2025,Stable
hard-power,national-security,nuclear-capability,CXR,pillar,2,SP,Aug 2025,Stable
hard-power,national-security,quantum-computing,CXR,pillar,2,SP,Aug 2025,Stable
hard-power,national-security,nuclear-capability,CYM,pillar,2,SP,Aug 2025,Stable
hard-power,national-security,quantum-computing,CYM,pillar,2,SP,Aug 2025,Stable
hard-power,national-security,nuclear-capability,CYP,pillar,2,SP,Aug 2025,Stable
hard-power,national-security,quantum-computing,CYP,pillar,2,SP,Aug 2025,Stable
hard-power,national-security,nuclear-capability,CZE,pillar,2,SP,Aug 2025,Stable
hard-power,national-security,quantum-computing,CZE,pillar,2,SP,Aug 2025,Stable
hard-power,national-security,nuclear-capability,DEU,pillar,2,SP,Aug 2025,Stable
hard-power,national-security,quantum-computing,DEU,pillar,2,SP,Aug 2025,Stable
hard-power,national-security,nuclear-capability,DJI,pillar,2,SP,Aug 2025,Stable
hard-power,national-security,quantum-computing,DJI,pillar,2,SP,Aug 2025,Stable
hard-power,national-security,nuclear-capability,DMA,pillar,2,SP,Aug 2025,Stable
hard-power,national-security,quantum-computing,DMA,pillar,2,SP,Aug 2025,Stable
hard-power,national-security,nuclear-capability,DNK,pillar,2,SP,Aug 2025,Stable
hard-power,national-security,quantum-computing,DNK,pillar,2,SP,Aug 2025,Stable
hard-power,national-security,nuclear-capability,DOM,pillar,2,SP,Aug 2025,Stable
hard-power,national-security,quantum-computing,DOM,pillar,2,SP,Aug 2025,Stable
hard-power,national-security,nuclear-capability,DZA,pillar,2,SP,Aug 2025,Stable
hard-power,national-security,quantum-computing,DZA,pillar,2,SP,Aug 2025,Stable
hard-power,national-security,nuclear-capability,ECU,pillar,2,SP,Aug 2025,Stable
hard-power,national-security,quantum-computing,ECU,pillar,2,SP,Aug 2025,Stable
hard-power,national-security,nuclear-capability,EGY,pillar,2,SP,Aug 2025,Stable
hard-power,national-security,quantum-computing,EGY,pillar,2,SP,Aug 2025,Stable
hard-power,national-security,nuclear-capability,ERI,pillar,2,SP,Aug 2025,Stable
hard-power,national-security,quantum-computing,ERI,pillar,2,SP,Aug 2025,Stable
hard-power,national-security,nuclear-capability,ESH,pillar,2,SP,Aug 2025,Stable
hard-power,national-security,quantum-computing,ESH,pillar,2,SP,Aug 2025,Stable
hard-power,national-security,nuclear-capability,ESP,pillar,2,SP,Aug 2025,Stable
hard-power,national-security,quantum-computing,ESP,pillar,2,SP,Aug 2025,Stable
hard-power,national-security,nuclear-capability,EST,pillar,2,SP,Aug 2025,Stable
hard-power,national-security,quantum-computing,EST,pillar,2,SP,Aug 2025,Stable
hard-power,national-security,nuclear-capability,ETH,pillar,2,SP,Aug 2025,Stable
hard-power,national-security,quantum-computing,ETH,pillar,2,SP,Aug 2025,Stable
hard-power,national-security,nuclear-capability,FIN,pillar,2,SP,Aug 2025,Stable
hard-power,national-security,quantum-computing,FIN,pillar,2,SP,Aug 2025,Stable
hard-power,national-security,nuclear-capability,FJI,pillar,2,SP,Aug 2025,Stable
hard-power,national-security,quantum-computing,FJI,pillar,2,SP,Aug 2025,Stable
hard-power,national-security,nuclear-capability,FLK,pillar,2,SP,Aug 2025,Stable
hard-power,national-security,quantum-computing,FLK,pillar,2,SP,Aug 2025,Stable
hard-power,national-security,nuclear-capability,FRA,pillar,2,SP,Aug 2025,Stable
hard-power,national-security,quantum-computing,FRA,pillar,2,SP,Aug 2025,Stable
hard-power,national-security,nuclear-capability,FRO,pillar,2,SP,Aug 2025,Stable
hard-power,national-security,quantum-computing,FRO,pillar,2,SP,Aug 2025,Stable
hard-power,national-security,nuclear-capability,FSM,pillar,2,SP,Aug 2025,Stable
hard-power,national-security,quantum-computing,FSM,pillar,2,SP,Aug 2025,Stable
hard-power,national-security,nuclear-capability,GAB,pillar,2,SP,Aug 2025,Stable
hard-power,national-security,quantum-computing,GAB,pillar,2,SP,Aug 2025,Stable
hard-power,national-security,nuclear-capability,GBR,pillar,2,SP,Aug 2025,Stable
hard-power,national-security,quantum-computing,GBR,pillar,2,SP,Aug 2025,Stable
hard-power,national-security,nuclear-capability,GEO,pillar,2,SP,Aug 2025,Stable
hard-power,national-security,quantum-computing,GEO,pillar,2,SP,Aug 2025,Stable
hard-power,national-security,nuclear-capability,GGY,pillar,2,SP,Aug 2025,Stable
hard-power,national-security,quantum-computing,GGY,pillar,2,SP,Aug 2025,Stable
hard-power,national-security,nuclear-capability,GHA,pillar,2,SP,Aug 2025,Stable
hard-power,national-security,quantum-computing,GHA,pillar,2,SP,Aug 2025,Stable
hard-power,national-security,nuclear-capability,GIB,pillar,2,SP,Aug 2025,Stable
hard-power,national-security,quantum-computing,GIB,pillar,2,SP,Aug 2025,Stable
hard-power,national-security,nuclear-capability,GIN,pillar,2,SP,Aug 2025,Stable
hard-power,national-security,quantum-computing,GIN,pillar,2,SP,Aug 2025,Stable
hard-power,national-security,nuclear-capability,GLP,pillar,2,SP,Aug 2025,Stable
hard-power,national-security,quantum-computing,GLP,pillar,2,SP,Aug 2025,Stable
hard-power,national-security,nuclear-capability,GMB,pillar,2,SP,Aug 2025,Stable
hard-power,national-security,quantum-computing,GMB,pillar,2,SP,Aug 2025,Stable
hard-power,national-security,nuclear-capability,GNB,pillar,2,SP,Aug 2025,Stable
hard-power,national-security,quantum-computing,GNB,pillar,2,SP,Aug 2025,Stable
hard-power,national-security,nuclear-capability,GNQ,pillar,2,SP,Aug 2025,Stable
hard-power,national-security,quantum-computing,GNQ,pillar,2,SP,Aug 2025,Stable
hard-power,national-security,nuclear-capability,GRC,pillar,2,SP,Aug 2025,Stable
hard-power,national-security,quantum-computing,GRC,pillar,2,SP,Aug 2025,Stable
hard-power,national-security,nuclear-capability,GRD,pillar,2,SP,Aug 2025,Stable
hard-power,national-security,quantum-computing,GRD,pillar,2,SP,Aug 2025,Stable
hard-power,national-security,nuclear-capability,GRL,pillar,2,SP,Aug 2025,Stable
hard-power,national-security,quantum-computing,GRL,pillar,2,SP,Aug 2025,Stable
hard-power,national-security,nuclear-capability,GTM,pillar,2,SP,Aug 2025,Stable
hard-power,national-security,quantum-computing,GTM,pillar,2,SP,Aug 2025,Stable
hard-power,national-security,nuclear-capability,GUF,pillar,2,SP,Aug 2025,Stable
hard-power,national-security,quantum-computing,GUF,pillar,2,SP,Aug 2025,Stable
hard-power,national-security,nuclear-capability,GUM,pillar,2,SP,Aug 2025,Stable
hard-power,national-security,quantum-computing,GUM,pillar,2,SP,Aug 2025,Stable
hard-power,national-security,nuclear-capability,GUY,pillar,2,SP,Aug 2025,Stable
hard-power,national-security,quantum-computing,GUY,pillar,2,SP,Aug 2025,Stable
hard-power,national-security,nuclear-capability,HKG,pillar,2,SP,Aug 2025,Stable
hard-power,national-security,quantum-computing,HKG,pillar,2,SP,Aug 2025,Stable
hard-power,national-security,nuclear-capability,HMD,pillar,2,SP,Aug 2025,Stable
hard-power,national-security,quantum-computing,HMD,pillar,2,SP,Aug 2025,Stable
hard-power,national-security,nuclear-capability,HND,pillar,2,SP,Aug 2025,Stable
hard-power,national-security,quantum-computing,HND,pillar,2,SP,Aug 2025,Stable
hard-power,national-security,nuclear-capability,HRV,pillar,2,SP,Aug 2025,Stable
hard-power,national-security,quantum-computing,HRV,pillar,2,SP,Aug 2025,Stable
hard-power,national-security,nuclear-capability,HTI,pillar,2,SP,Aug 2025,Stable
hard-power,national-security,quantum-computing,HTI,pillar,2,SP,Aug 2025,Stable
hard-power,national-security,nuclear-capability,HUN,pillar,2,SP,Aug 2025,Stable
hard-power,national-security,quantum-computing,HUN,pillar,2,SP,Aug 2025,Stable
hard-power,national-security,nuclear-capability,IDN,pillar,2,SP,Aug 2025,Stable
hard-power,national-security,quantum-computing,IDN,pillar,2,SP,Aug 2025,Stable
hard-power,national-security,nuclear-capability,IMN,pillar,2,SP,Aug 2025,Stable
hard-power,national-security,quantum-computing,IMN,pillar,2,SP,Aug 2025,Stable
hard-power,national-security,nuclear-capability,IND,pillar,2,SP,Aug 2025,Stable
hard-power,national-security,quantum-computing,IND,pillar,2,SP,Aug 2025,Stable
hard-power,national-security,nuclear-capability,IOT,pillar,2,SP,Aug 2025,Stable
hard-power,national-security,quantum-computing,IOT,pillar,2,SP,Aug 2025,Stable
hard-power,national-security,nuclear-capability,IRL,pillar,2,SP,Aug 2025,Stable
hard-power,national-security,quantum-computing,IRL,pillar,2,SP,Aug 2025,Stable
hard-power,national-security,nuclear-capability,IRN,pillar,2,SP,Aug 2025,Stable
hard-power,national-security,quantum-computing,IRN,pillar,2,SP,Aug 2025,Stable
hard-power,national-security,nuclear-capability,IRQ,pillar,2,SP,Aug 2025,Stable
hard-power,national-security,quantum-computing,IRQ,pillar,2,SP,Aug 2025,Stable
hard-power,national-security,nuclear-capability,ISL,pillar,2,SP,Aug 2025,Stable
hard-power,national-security,quantum-computing,ISL,pillar,2,SP,Aug 2025,Stable
hard-power,national-security,nuclear-capability,ISR,pillar,2,SP,Aug 2025,Stable
hard-power,national-security,quantum-computing,ISR,pillar,2,SP,Aug 2025,Stable
hard-power,national-security,nuclear-capability,ITA,pillar,2,SP,Aug 2025,Stable
hard-power,national-security,quantum-computing,ITA,pillar,2,SP,Aug 2025,Stable
hard-power,national-security,nuclear-capability,JAM,pillar,2,SP,Aug 2025,Stable
hard-power,national-security,quantum-computing,JAM,pillar,2,SP,Aug 2025,Stable
hard-power,national-security,nuclear-capability,JEY,pillar,2,SP,Aug 2025,Stable
hard-power,national-security,quantum-computing,JEY,pillar,2,SP,Aug 2025,Stable
hard-power,national-security,nuclear-capability,JOR,pillar,2,SP,Aug 2025,Stable
hard-power,national-security,quantum-computing,JOR,pillar,2,SP,Aug 2025,Stable
hard-power,national-security,nuclear-capability,JPN,pillar,2,SP,Aug 2025,Stable
hard-power,national-security,quantum-computing,JPN,pillar,2,SP,Aug 2025,Stable
hard-power,national-security,nuclear-capability,KAZ,pillar,2,SP,Aug 2025,Stable
hard-power,national-security,quantum-computing,KAZ,pillar,2,SP,Aug 2025,Stable
hard-power,national-security,nuclear-capability,KEN,pillar,2,SP,Aug 2025,Stable
hard-power,national-security,quantum-computing,KEN,pillar,2,SP,Aug 2025,Stable
hard-power,national-security,nuclear-capability,KGZ,pillar,2,SP,Aug 2025,Stable
hard-power,national-security,quantum-computing,KGZ,pillar,2,SP,Aug 2025,Stable
hard-power,national-security,nuclear-capability,KHM,pillar,2,SP,Aug 2025,Stable
hard-power,national-security,quantum-computing,KHM,pillar,2,SP,Aug 2025,Stable
hard-power,national-security,nuclear-capability,KIR,pillar,2,SP,Aug 2025,Stable
hard-power,national-security,quantum-computing,KIR,pillar,2,SP,Aug 2025,Stable
hard-power,national-security,nuclear-capability,KNA,pillar,2,SP,Aug 2025,Stable
hard-power,national-security,quantum-computing,KNA,pillar,2,SP,Aug 2025,Stable
hard-power,national-security,nuclear-capability,KOR,pillar,2,SP,Aug 2025,Stable
hard-power,national-security,quantum-computing,KOR,pillar,2,SP,Aug 2025,Stable
hard-power,national-security,nuclear-capability,KWT,pillar,2,SP,Aug 2025,Stable
hard-power,national-security,quantum-computing,KWT,pillar,2,SP,Aug 2025,Stable
hard-power,national-security,nuclear-capability,LAO,pillar,2,SP,Aug 2025,Stable
hard-power,national-security,quantum-computing,LAO,pillar,2,SP,Aug 2025,Stable
hard-power,national-security,nuclear-capability,LBN,pillar,2,SP,Aug 2025,Stable
hard-power,national-security,quantum-computing,LBN,pillar,2,SP,Aug 2025,Stable
hard-power,national-security,nuclear-capability,LBR,pillar,2,SP,Aug 2025,Stable
hard-power,national-security,quantum-computing,LBR,pillar,2,SP,Aug 2025,Stable
hard-power,national-security,nuclear-capability,LBY,pillar,2,SP,Aug 2025,Stable
hard-power,national-security,quantum-computing,LBY,pillar,2,SP,Aug 2025,Stable
hard-power,national-security,nuclear-capability,LCA,pillar,2,SP,Aug 2025,Stable
hard-power,national-security,quantum-computing,LCA,pillar,2,SP,Aug 2025,Stable
hard-power,national-security,nuclear-capability,LIE,pillar,2,SP,Aug 2025,Stable
hard-power,national-security,quantum-computing,LIE,pillar,2,SP,Aug 2025,Stable
hard-power,national-security,nuclear-capability,LKA,pillar,2,SP,Aug 2025,Stable
hard-power,national-security,quantum-computing,LKA,pillar,2,SP,Aug 2025,Stable
hard-power,national-security,nuclear-capability,LSO,pillar,2,SP,Aug 2025,Stable
hard-power,national-security,quantum-computing,LSO,pillar,2,SP,Aug 2025,Stable
hard-power,national-security,nuclear-capability,LTU,pillar,2,SP,Aug 2025,Stable
hard-power,national-security,quantum-computing,LTU,pillar,2,SP,Aug 2025,Stable
hard-power,national-security,nuclear-capability,LUX,pillar,2,SP,Aug 2025,Stable
hard-power,national-security,quantum-computing,LUX,pillar,2,SP,Aug 2025,Stable
hard-power,national-security,nuclear-capability,LVA,pillar,2,SP,Aug 2025,Stable
hard-power,national-security,quantum-computing,LVA,pillar,2,SP,Aug 2025,Stable
hard-power,national-security,nuclear-capability,MAC,pillar,2,SP,Aug 2025,Stable
hard-power,national-security,quantum-computing,MAC,pillar,2,SP,Aug 2025,Stable
hard-power,national-security,nuclear-capability,MAF,pillar,2,SP,Aug 2025,Stable
hard-power,national-security,quantum-computing,MAF,pillar,2,SP,Aug 2025,Stable
hard-power,national-security,nuclear-capability,MAR,pillar,2,SP,Aug 2025,Stable
hard-power,national-security,quantum-computing,MAR,pillar,2,SP,Aug 2025,Stable
hard-power,national-security,nuclear-capability,MCO,pillar,2,SP,Aug 2025,Stable
hard-power,national-security,quantum-computing,MCO,pillar,2,SP,Aug 2025,Stable
hard-power,national-security,nuclear-capability,MDA,pillar,2,SP,Aug 2025,Stable
hard-power,national-security,quantum-computing,MDA,pillar,2,SP,Aug 2025,Stable
hard-power,national-security,nuclear-capability,MDG,pillar,2,SP,Aug 2025,Stable
hard-power,national-security,quantum-computing,MDG,pillar,2,SP,Aug 2025,Stable
hard-power,national-security,nuclear-capability,MDV,pillar,2,SP,Aug 2025,Stable
hard-power,national-security,quantum-computing,MDV,pillar,2,SP,Aug 2025,Stable
hard-power,national-security,nuclear-capability,MEX,pillar,2,SP,Aug 2025,Stable
hard-power,national-security,quantum-computing,MEX,pillar,2,SP,Aug 2025,Stable
hard-power,national-security,nuclear-capability,MHL,pillar,2,SP,Aug 2025,Stable
hard-power,national-security,quantum-computing,MHL,pillar,2,SP,Aug 2025,Stable
hard-power,national-security,nuclear-capability,MKD,pillar,2,SP,Aug 2025,Stable
hard-power,national-security,quantum-computing,MKD,pillar,2,SP,Aug 2025,Stable
hard-power,national-security,nuclear-capability,MLI,pillar,2,SP,Aug 2025,Stable
hard-power,national-security,quantum-computing,MLI,pillar,2,SP,Aug 2025,Stable
hard-power,national-security,nuclear-capability,MLT,pillar,2,SP,Aug 2025,Stable
hard-power,national-security,quantum-computing,MLT,pillar,2,SP,Aug 2025,Stable
hard-power,national-security,nuclear-capability,MMR,pillar,2,SP,Aug 2025,Stable
hard-power,national-security,quantum-computing,MMR,pillar,2,SP,Aug 2025,Stable
hard-power,national-security,nuclear-capability,MNE,pillar,2,SP,Aug 2025,Stable
hard-power,national-security,quantum-computing,MNE,pillar,2,SP,Aug 2025,Stable
hard-power,national-security,nuclear-capability,MNG,pillar,2,SP,Aug 2025,Stable
hard-power,national-security,quantum-computing,MNG,pillar,2,SP,Aug 2025,Stable
hard-power,national-security,nuclear-capability,MNP,pillar,2,SP,Aug 2025,Stable
hard-power,national-security,quantum-computing,MNP,pillar,2,SP,Aug 2025,Stable
hard-power,national-security,nuclear-capability,MOZ,pillar,2,SP,Aug 2025,Stable
hard-power,national-security,quantum-computing,MOZ,pillar,2,SP,Aug 2025,Stable
hard-power,national-security,nuclear-capability,MRT,pillar,2,SP,Aug 2025,Stable
hard-power,national-security,quantum-computing,MRT,pillar,2,SP,Aug 2025,Stable
hard-power,national-security,nuclear-capability,MSR,pillar,2,SP,Aug 2025,Stable
hard-power,national-security,quantum-computing,MSR,pillar,2,SP,Aug 2025,Stable
hard-power,national-security,nuclear-capability,MTQ,pillar,2,SP,Aug 2025,Stable
hard-power,national-security,quantum-computing,MTQ,pillar,2,SP,Aug 2025,Stable
hard-power,national-security,nuclear-capability,MUS,pillar,2,SP,Aug 2025,Stable
hard-power,national-security,quantum-computing,MUS,pillar,2,SP,Aug 2025,Stable
hard-power,national-security,nuclear-capability,MWI,pillar,2,SP,Aug 2025,Stable
hard-power,national-security,quantum-computing,MWI,pillar,2,SP,Aug 2025,Stable
hard-power,national-security,nuclear-capability,MYS,pillar,2,SP,Aug 2025,Stable
hard-power,national-security,quantum-computing,MYS,pillar,2,SP,Aug 2025,Stable
hard-power,national-security,nuclear-capability,MYT,pillar,2,SP,Aug 2025,Stable
hard-power,national-security,quantum-computing,MYT,pillar,2,SP,Aug 2025,Stable
hard-power,national-security,nuclear-capability,NAM,pillar,2,SP,Aug 2025,Stable
hard-power,national-security,quantum-computing,NAM,pillar,2,SP,Aug 2025,Stable
hard-power,national-security,nuclear-capability,NCL,pillar,2,SP,Aug 2025,Stable
hard-power,national-security,quantum-computing,NCL,pillar,2,SP,Aug 2025,Stable
hard-power,national-security,nuclear-capability,NER,pillar,2,SP,Aug 2025,Stable
hard-power,national-security,quantum-computing,NER,pillar,2,SP,Aug 2025,Stable
hard-power,national-security,nuclear-capability,NFK,pillar,2,SP,Aug 2025,Stable
hard-power,national-security,quantum-computing,NFK,pillar,2,SP,Aug 2025,Stable
hard-power,national-security,nuclear-capability,NGA,pillar,2,SP,Aug 2025,Stable
hard-power,national-security,quantum-computing,NGA,pillar,2,SP,Aug 2025,Stable
hard-power,national-security,nuclear-capability,NIC,pillar,2,SP,Aug 2025,Stable
hard-power,national-security,quantum-computing,NIC,pillar,2,SP,Aug 2025,Stable
hard-power,national-security,nuclear-capability,NIU,pillar,2,SP,Aug 2025,Stable
hard-power,national-security,quantum-computing,NIU,pillar,2,SP,Aug 2025,Stable
hard-power,national-security,nuclear-capability,NLD,pillar,2,SP,Aug 2025,Stable
hard-power,national-security,quantum-computing,NLD,pillar,2,SP,Aug 2025,Stable
hard-power,national-security,nuclear-capability,NOR,pillar,2,SP,Aug 2025,Stable
hard-power,national-security,quantum-computing,NOR,pillar,2,SP,Aug 2025,Stable
hard-power,national-security,nuclear-capability,NPL,pillar,2,SP,Aug 2025,Stable
hard-power,national-security,quantum-computing,NPL,pillar,2,SP,Aug 2025,Stable
hard-power,national-security,nuclear-capability,NRU,pillar,2,SP,Aug 2025,Stable
hard-power,national-security,quantum-computing,NRU,pillar,2,SP,Aug 2025,Stable
hard-power,national-security,nuclear-capability,NZL,pillar,2,SP,Aug 2025,Stable
hard-power,national-security,quantum-computing,NZL,pillar,2,SP,Aug 2025,Stable
hard-power,national-security,nuclear-capability,OMN,pillar,2,SP,Aug 2025,Stable
hard-power,national-security,quantum-computing,OMN,pillar,2,SP,Aug 2025,Stable
hard-power,national-security,nuclear-capability,PAK,pillar,2,SP,Aug 2025,Stable
hard-power,national-security,quantum-computing,PAK,pillar,2,SP,Aug 2025,Stable
hard-power,national-security,nuclear-capability,PAN,pillar,2,SP,Aug 2025,Stable
hard-power,national-security,quantum-computing,PAN,pillar,2,SP,Aug 2025,Stable
hard-power,national-security,nuclear-capability,PCN,pillar,2,SP,Aug 2025,Stable
hard-power,national-security,quantum-computing,PCN,pillar,2,SP,Aug 2025,Stable
hard-power,national-security,nuclear-capability,PER,pillar,2,SP,Aug 2025,Stable
hard-power,national-security,quantum-computing,PER,pillar,2,SP,Aug 2025,Stable
hard-power,national-security,nuclear-capability,PHL,pillar,2,SP,Aug 2025,Stable
hard-power,national-security,quantum-computing,PHL,pillar,2,SP,Aug 2025,Stable
hard-power,national-security,nuclear-capability,PLW,pillar,2,SP,Aug 2025,Stable
hard-power,national-security,quantum-computing,PLW,pillar,2,SP,Aug 2025,Stable
hard-power,national-security,nuclear-capability,PNG,pillar,2,SP,Aug 2025,Stable
hard-power,national-security,quantum-computing,PNG,pillar,2,SP,Aug 2025,Stable
hard-power,national-security,nuclear-capability,POL,pillar,2,SP,Aug 2025,Stable
hard-power,national-security,quantum-computing,POL,pillar,2,SP,Aug 2025,Stable
hard-power,national-security,nuclear-capability,PRI,pillar,2,SP,Aug 2025,Stable
hard-power,national-security,quantum-computing,PRI,pillar,2,SP,Aug 2025,Stable
hard-power,national-security,nuclear-capability,PRK,pillar,2,SP,Aug 2025,Stable
hard-power,national-security,quantum-computing,PRK,pillar,2,SP,Aug 2025,Stable
hard-power,national-security,nuclear-capability,PRT,pillar,2,SP,Aug 2025,Stable
hard-power,national-security,quantum-computing,PRT,pillar,2,SP,Aug 2025,Stable
hard-power,national-security,nuclear-capability,PRY,pillar,2,SP,Aug 2025,Stable
hard-power,national-security,quantum-computing,PRY,pillar,2,SP,Aug 2025,Stable
hard-power,national-security,nuclear-capability,PSE,pillar,2,SP,Aug 2025,Stable
hard-power,national-security,quantum-computing,PSE,pillar,2,SP,Aug 2025,Stable
hard-power,national-security,nuclear-capability,PYF,pillar,2,SP,Aug 2025,Stable
hard-power,national-security,quantum-computing,PYF,pillar,2,SP,Aug 2025,Stable
hard-power,national-security,nuclear-capability,QAT,pillar,2,SP,Aug 2025,Stable
hard-power,national-security,quantum-computing,QAT,pillar,2,SP,Aug 2025,Stable
hard-power,national-security,nuclear-capability,REU,pillar,2,SP,Aug 2025,Stable
hard-power,national-security,quantum-computing,REU,pillar,2,SP,Aug 2025,Stable
hard-power,national-security,nuclear-capability,ROU,pillar,2,SP,Aug 2025,Stable
hard-power,national-security,quantum-computing,ROU,pillar,2,SP,Aug 2025,Stable
hard-power,national-security,nuclear-capability,RUS,pillar,2,SP,Aug 2025,Stable
hard-power,national-security,quantum-computing,RUS,pillar,2,SP,Aug 2025,Stable
hard-power,national-security,nuclear-capability,RWA,pillar,2,SP,Aug 2025,Stable
hard-power,national-security,quantum-computing,RWA,pillar,2,SP,Aug 2025,Stable
hard-power,national-security,nuclear-capability,SAU,pillar,2,SP,Aug 2025,Stable
hard-power,national-security,quantum-computing,SAU,pillar,2,SP,Aug 2025,Stable
hard-power,national-security,nuclear-capability,SDN,pillar,2,SP,Aug 2025,Stable
hard-power,national-security,quantum-computing,SDN,pillar,2,SP,Aug 2025,Stable
hard-power,national-security,nuclear-capability,SEN,pillar,2,SP,Aug 2025,Stable
hard-power,national-security,quantum-computing,SEN,pillar,2,SP,Aug 2025,Stable
hard-power,national-security,nuclear-capability,SGP,pillar,2,SP,Aug 2025,Stable
hard-power,national-security,quantum-computing,SGP,pillar,2,SP,Aug 2025,Stable
hard-power,national-security,nuclear-capability,SGS,pillar,2,SP,Aug 2025,Stable
hard-power,national-security,quantum-computing,SGS,pillar,2,SP,Aug 2025,Stable
hard-power,national-security,nuclear-capability,SHN,pillar,2,SP,Aug 2025,Stable
hard-power,national-security,quantum-computing,SHN,pillar,2,SP,Aug 2025,Stable
hard-power,national-security,nuclear-capability,SJM,pillar,2,SP,Aug 2025,Stable
hard-power,national-security,quantum-computing,SJM,pillar,2,SP,Aug 2025,Stable
hard-power,national-security,nuclear-capability,SLB,pillar,2,SP,Aug 2025,Stable
hard-power,national-security,quantum-computing,SLB,pillar,2,SP,Aug 2025,Stable
hard-power,national-security,nuclear-capability,SLE,pillar,2,SP,Aug 2025,Stable
hard-power,national-security,quantum-computing,SLE,pillar,2,SP,Aug 2025,Stable
hard-power,national-security,nuclear-capability,SLV,pillar,2,SP,Aug 2025,Stable
hard-power,national-security,quantum-computing,SLV,pillar,2,SP,Aug 2025,Stable
hard-power,national-security,nuclear-capability,SMR,pillar,2,SP,Aug 2025,Stable
hard-power,national-security,quantum-computing,SMR,pillar,2,SP,Aug 2025,Stable
hard-power,national-security,nuclear-capability,SOM,pillar,2,SP,Aug 2025,Stable
hard-power,national-security,quantum-computing,SOM,pillar,2,SP,Aug 2025,Stable
hard-power,national-security,nuclear-capability,SPM,pillar,2,SP,Aug 2025,Stable
hard-power,national-security,quantum-computing,SPM,pillar,2,SP,Aug 2025,Stable
hard-power,national-security,nuclear-capability,SRB,pillar,2,SP,Aug 2025,Stable
hard-power,national-security,quantum-computing,SRB,pillar,2,SP,Aug 2025,Stable
hard-power,national-security,nuclear-capability,SSD,pillar,2,SP,Aug 2025,Stable
hard-power,national-security,quantum-computing,SSD,pillar,2,SP,Aug 2025,Stable
hard-power,national-security,nuclear-capability,STP,pillar,2,SP,Aug 2025,Stable
hard-power,national-security,quantum-computing,STP,pillar,2,SP,Aug 2025,Stable
hard-power,national-security,nuclear-capability,SUR,pillar,2,SP,Aug 2025,Stable
hard-power,national-security,quantum-computing,SUR,pillar,2,SP,Aug 2025,Stable
hard-power,national-security,nuclear-capability,SVK,pillar,2,SP,Aug 2025,Stable
hard-power,national-security,quantum-computing,SVK,pillar,2,SP,Aug 2025,Stable
hard-power,national-security,nuclear-capability,SVN,pillar,2,SP,Aug 2025,Stable
hard-power,national-security,quantum-computing,SVN,pillar,2,SP,Aug 2025,Stable
hard-power,national-security,nuclear-capability,SWE,pillar,2,SP,Aug 2025,Stable
hard-power,national-security,quantum-computing,SWE,pillar,2,SP,Aug 2025,Stable
hard-power,national-security,nuclear-capability,SWZ,pillar,2,SP,Aug 2025,Stable
hard-power,national-security,quantum-computing,SWZ,pillar,2,SP,Aug 2025,Stable
hard-power,national-security,nuclear-capability,SXM,pillar,2,SP,Aug 2025,Stable
hard-power,national-security,quantum-computing,SXM,pillar,2,SP,Aug 2025,Stable
hard-power,national-security,nuclear-capability,SYC,pillar,2,SP,Aug 2025,Stable
hard-power,national-security,quantum-computing,SYC,pillar,2,SP,Aug 2025,Stable
hard-power,national-security,nuclear-capability,SYR,pillar,2,SP,Aug 2025,Stable
hard-power,national-security,quantum-computing,SYR,pillar,2,SP,Aug 2025,Stable
hard-power,national-security,nuclear-capability,TCA,pillar,2,SP,Aug 2025,Stable
hard-power,national-security,quantum-computing,TCA,pillar,2,SP,Aug 2025,Stable
hard-power,national-security,nuclear-capability,TCD,pillar,2,SP,Aug 2025,Stable
hard-power,national-security,quantum-computing,TCD,pillar,2,SP,Aug 2025,Stable
hard-power,national-security,nuclear-capability,TGO,pillar,2,SP,Aug 2025,Stable
hard-power,national-security,quantum-computing,TGO,pillar,2,SP,Aug 2025,Stable
hard-power,national-security,nuclear-capability,THA,pillar,2,SP,Aug 2025,Stable
hard-power,national-security,quantum-computing,THA,pillar,2,SP,Aug 2025,Stable
hard-power,national-security,nuclear-capability,TJK,pillar,2,SP,Aug 2025,Stable
hard-power,national-security,quantum-computing,TJK,pillar,2,SP,Aug 2025,Stable
hard-power,national-security,nuclear-capability,TKL,pillar,2,SP,Aug 2025,Stable
hard-power,national-security,quantum-computing,TKL,pillar,2,SP,Aug 2025,Stable
hard-power,national-security,nuclear-capability,TKM,pillar,2,SP,Aug 2025,Stable
hard-power,national-security,quantum-computing,TKM,pillar,2,SP,Aug 2025,Stable
hard-power,national-security,nuclear-capability,TLS,pillar,2,SP,Aug 2025,Stable
hard-power,national-security,quantum-computing,TLS,pillar,2,SP,Aug 2025,Stable
hard-power,national-security,nuclear-capability,TON,pillar,2,SP,Aug 2025,Stable
hard-power,national-security,quantum-computing,TON,pillar,2,SP,Aug 2025,Stable
hard-power,national-security,nuclear-capability,TTO,pillar,2,SP,Aug 2025,Stable
hard-power,national-security,quantum-computing,TTO,pillar,2,SP,Aug 2025,Stable
hard-power,national-security,nuclear-capability,TUN,pillar,2,SP,Aug 2025,Stable
hard-power,national-security,quantum-computing,TUN,pillar,2,SP,Aug 2025,Stable
hard-power,national-security,nuclear-capability,TUR,pillar,2,SP,Aug 2025,Stable
hard-power,national-security,quantum-computing,TUR,pillar,2,SP,Aug 2025,Stable
hard-power,national-security,nuclear-capability,TUV,pillar,2,SP,Aug 2025,Stable
hard-power,national-security,quantum-computing,TUV,pillar,2,SP,Aug 2025,Stable
hard-power,national-security,nuclear-capability,TWN,pillar,2,SP,Aug 2025,Stable
hard-power,national-security,quantum-computing,TWN,pillar,2,SP,Aug 2025,Stable
hard-power,national-security,nuclear-capability,TZA,pillar,2,SP,Aug 2025,Stable
hard-power,national-security,quantum-computing,TZA,pillar,2,SP,Aug 2025,Stable
hard-power,national-security,nuclear-capability,UGA,pillar,2,SP,Aug 2025,Stable
hard-power,national-security,quantum-computing,UGA,pillar,2,SP,Aug 2025,Stable
hard-power,national-security,nuclear-capability,UKR,pillar,2,SP,Aug 2025,Stable
hard-power,national-security,quantum-computing,UKR,pillar,2,SP,Aug 2025,Stable
hard-power,national-security,nuclear-capability,UMI,pillar,2,SP,Aug 2025,Stable
hard-power,national-security,quantum-computing,UMI,pillar,2,SP,Aug 2025,Stable
hard-power,national-security,nuclear-capability,URY,pillar,2,SP,Aug 2025,Stable
hard-power,national-security,quantum-computing,URY,pillar,2,SP,Aug 2025,Stable
hard-power,national-security,nuclear-capability,USA,pillar,2,SP,Aug 2025,Stable
hard-power,national-security,quantum-computing,USA,pillar,2,SP,Aug 2025,Stable
hard-power,national-security,nuclear-capability,UZB,pillar,2,SP,Aug 2025,Stable
hard-power,national-security,quantum-computing,UZB,pillar,2,SP,Aug 2025,Stable
hard-power,national-security,nuclear-capability,VAT,pillar,2,SP,Aug 2025,Stable
hard-power,national-security,quantum-computing,VAT,pillar,2,SP,Aug 2025,Stable
hard-power,national-security,nuclear-capability,VCT,pillar,2,SP,Aug 2025,Stable
hard-power,national-security,quantum-computing,VCT,pillar,2,SP,Aug 2025,Stable
hard-power,national-security,nuclear-capability,VEN,pillar,2,SP,Aug 2025,Stable
hard-power,national-security,quantum-computing,VEN,pillar,2,SP,Aug 2025,Stable
hard-power,national-security,nuclear-capability,VGB,pillar,2,SP,Aug 2025,Stable
hard-power,national-security,quantum-computing,VGB,pillar,2,SP,Aug 2025,Stable
hard-power,national-security,nuclear-capability,VIR,pillar,2,SP,Aug 2025,Stable
hard-power,national-security,quantum-computing,VIR,pillar,2,SP,Aug 2025,Stable
hard-power,national-security,nuclear-capability,VNM,pillar,2,SP,Aug 2025,Stable
hard-power,national-security,quantum-computing,VNM,pillar,2,SP,Aug 2025,Stable
hard-power,national-security,nuclear-capability,VUT,pillar,2,SP,Aug 2025,Stable
hard-power,national-security,quantum-computing,VUT,pillar,2,SP,Aug 2025,Stable
hard-power,national-security,nuclear-capability,WLF,pillar,2,SP,Aug 2025,Stable
hard-power,national-security,quantum-computing,WLF,pillar,2,SP,Aug 2025,Stable
hard-power,national-security,nuclear-capability,WSM,pillar,2,SP,Aug 2025,Stable
hard-power,national-security,quantum-computing,WSM,pillar,2,SP,Aug 2025,Stable
hard-power,national-security,nuclear-capability,YEM,pillar,2,SP,Aug 2025,Stable
hard-power,national-security,quantum-computing,YEM,pillar,2,SP,Aug 2025,Stable
hard-power,national-security,nuclear-capability,ZAF,pillar,2,SP,Aug 2025,Stable
hard-power,national-security,quantum-computing,ZAF,pillar,2,SP,Aug 2025,Stable
hard-power,national-security,nuclear-capability,ZMB,pillar,2,SP,Aug 2025,Stable
hard-power,national-security,quantum-computing,ZMB,pillar,2,SP,Aug 2025,Stable
hard-power,national-security,nuclear-capability,ZWE,pillar,2,SP,Aug 2025,Stable
hard-power,national-security,quantum-computing,ZWE,pillar,2,SP,Aug 2025,Stable